<?xml version="1.0"?>
<!-- If your plugin wants to add menu items to it's submenu off the new Extensions menu,
	 define them here. Each should have a unique menu id, a Name, and an Action. The last
	 is a method name in your python file that will be called when the user selects that
	 menu item. Note - nothing will be returned to the client, so if you need to communicate
	 back to the user you can post information into the Event Log.
-->
<MenuItems>
	<MenuItem id="programSomfy">
		<Name>Program Somfy...</Name>
		<ConfigUI actionId="programSomfyRelay"/>
	</MenuItem>
	<MenuItem id="stopSomfy">
		<Name>Stop Somfy...</Name>
		<ConfigUI actionId="stopSomfyRelay"/>
	</MenuItem>	
	<MenuItem id="stopRollerTrol">
		<Name>Stop RollerTrol...</Name>
		<ConfigUI actionId="stopRollerTrolRelay"/>
	</MenuItem>
	<MenuItem id="stopA-OK_RF01">
		<Name>Stop A-OK_RF01...</Name>
		<ConfigUI actionId="stopA-OK_RF01Relay"/>
	</MenuItem>
	<MenuItem id="stopA-OK_AC114">
		<Name>Stop A-OK_AC114...</Name>
		<ConfigUI actionId="stopA-OK_AC114Relay"/>
	</MenuItem>		
	<MenuItem id="programBrel">
		<Name>Program Brel...</Name>
		<ConfigUI actionId="programBrelRelay"/>
	</MenuItem>	
	<MenuItem id="stopBrel">
		<Name>Stop Brel...</Name>
		<ConfigUI actionId="stopBrelRelay"/>
	</MenuItem>	
	<MenuItem id="colorPlus">
		<Name>Color +...</Name>
		<ConfigUI actionId="colorPlus"/>
	</MenuItem>		
	<MenuItem id="colorMin">
		<Name>Color -...</Name>
		<ConfigUI actionId="colorMin"/>
	</MenuItem>	
	<MenuItem id="upMertik">
		<Name>Up Mertik...</Name>
		<ConfigUI actionId="UpMertik"/>
	</MenuItem>
	<MenuItem id="downMertik">
		<Name>Down Mertik...</Name>
		<ConfigUI actionId="DownMertik"/>
	</MenuItem>	
	<MenuItem id="runUpMertik">
		<Name>Run Up Mertik...</Name>
		<ConfigUI actionId="RunUpMertik"/>
	</MenuItem>
	<MenuItem id="runDownMertik">
		<Name>Run Down Mertik..</Name>
		<ConfigUI actionId="RunDownMertik"/>
	</MenuItem>		
	<MenuItem id="stopMertik">
		<Name>Stop Mertik..</Name>
		<ConfigUI actionId="StopMertik"/>
	</MenuItem>			
    <MenuItem id="resetDevice">
        <Name>Reset device</Name>
        <ConfigUI>
            <Field     id="selectedDevice" type="menu" defaultValue="0">
                <Label>select Unifi-CLient device:</Label>
                <List class="self" filter="" method="filterdevices"  dynamicReload="no"/>
            </Field>
            <Field    id="confirmDevice" type="button" tooltip="" >
                <Label>Click to RESET</Label><Title>EXECUTE</Title> <CallbackMethod>buttonConfirmRESETCALLBACK</CallbackMethod>
            </Field>
        </ConfigUI>
    </MenuItem>
			
</MenuItems>
